SITE;SPECIES;IR;SA_MONTH;AGRI_2022;SETTL_2022;WOOD_2022;PAST_2022;AGRI_1990;SETTL_1990;WOOD_1990;PAST_1990;AGRI_1950;SETTL_1950;WOOD_1950;PAST_1950;AGRI_1900;SETTL_1900;WOOD_1900;PAST_1900
ALB;Calamosternus granarius;1;SUMMER;168,825;18,215;1,959;33,585;128,585;10,616;2,154;46,468;136,494;2,307;0;81,242;74,175;0;0;137,524
ALB;Onthophagus ruficapillus;2;SUMMER;168,825;18,215;1,959;33,585;128,585;10,616;2,154;46,468;136,494;2,307;0;81,242;74,175;0;0;137,524
DON;Biralus satellitius;1;SUMMER;102,559;76,024;109,539;20,893;119,604;66,489;105,393;17,526;142,861;42,86;87,334;35,958;140,344;28,216;89,973;45,185
DON;Bodilopsis rufus;1;SUMMER;102,559;76,024;109,539;20,893;119,604;66,489;105,393;17,526;142,861;42,86;87,334;35,958;140,344;28,216;89,973;45,185
DON;Bodilus lugens;1;SUMMER;102,559;76,024;109,539;20,893;119,604;66,489;105,393;17,526;142,861;42,86;87,334;35,958;140,344;28,216;89,973;45,185
DON;Colobopterus erraticus;2;SUMMER;102,559;76,024;109,539;20,893;119,604;66,489;105,393;17,526;142,861;42,86;87,334;35,958;140,344;28,216;89,973;45,185
DON;Coprimorphus scrutator;6;SUMMER;102,559;76,024;109,539;20,893;119,604;66,489;105,393;17,526;142,861;42,86;87,334;35,958;140,344;28,216;89,973;45,185
DON;Esymus pusillus;1;SUMMER;102,559;76,024;109,539;20,893;119,604;66,489;105,393;17,526;142,861;42,86;87,334;35,958;140,344;28,216;89,973;45,185
DON;Euoniticellus fulvus;74;SUMMER;102,559;76,024;109,539;20,893;119,604;66,489;105,393;17,526;142,861;42,86;87,334;35,958;140,344;28,216;89,973;45,185
DON;Euorodalus paracoenosus;3;SUMMER;102,559;76,024;109,539;20,893;119,604;66,489;105,393;17,526;142,861;42,86;87,334;35,958;140,344;28,216;89,973;45,185
DON;Onthophagus coenobita;38;SUMMER;102,559;76,024;109,539;20,893;119,604;66,489;105,393;17,526;142,861;42,86;87,334;35,958;140,344;28,216;89,973;45,185
DON;Onthophagus fracticornis;2;SUMMER;102,559;76,024;109,539;20,893;119,604;66,489;105,393;17,526;142,861;42,86;87,334;35,958;140,344;28,216;89,973;45,185
DON;Onthophagus illyricus;28;SUMMER;102,559;76,024;109,539;20,893;119,604;66,489;105,393;17,526;142,861;42,86;87,334;35,958;140,344;28,216;89,973;45,185
DON;Onthophagus joannae;3;SUMMER;102,559;76,024;109,539;20,893;119,604;66,489;105,393;17,526;142,861;42,86;87,334;35,958;140,344;28,216;89,973;45,185
DON;Onthophagus ruficapillus;4;SUMMER;102,559;76,024;109,539;20,893;119,604;66,489;105,393;17,526;142,861;42,86;87,334;35,958;140,344;28,216;89,973;45,185
DON;Onthophagus taurus;44;SUMMER;102,559;76,024;109,539;20,893;119,604;66,489;105,393;17,526;142,861;42,86;87,334;35,958;140,344;28,216;89,973;45,185
DON;Onthophagus verticicornis;119;SUMMER;102,559;76,024;109,539;20,893;119,604;66,489;105,393;17,526;142,861;42,86;87,334;35,958;140,344;28,216;89,973;45,185
DON;Otophorus haemorrhoidalis;1;SUMMER;102,559;76,024;109,539;20,893;119,604;66,489;105,393;17,526;142,861;42,86;87,334;35,958;140,344;28,216;89,973;45,185
DON;Plagiogonus arenarius;1;SUMMER;102,559;76,024;109,539;20,893;119,604;66,489;105,393;17,526;142,861;42,86;87,334;35,958;140,344;28,216;89,973;45,185
DON;Sisyphus schaefferi;1;SUMMER;102,559;76,024;109,539;20,893;119,604;66,489;105,393;17,526;142,861;42,86;87,334;35,958;140,344;28,216;89,973;45,185
DON;Teuchestes fossor;1;SUMMER;102,559;76,024;109,539;20,893;119,604;66,489;105,393;17,526;142,861;42,86;87,334;35,958;140,344;28,216;89,973;45,185
DON;Trypocopris vernalis;2;SUMMER;102,559;76,024;109,539;20,893;119,604;66,489;105,393;17,526;142,861;42,86;87,334;35,958;140,344;28,216;89,973;45,185
DON;Volinus sticticus;2;SUMMER;102,559;76,024;109,539;20,893;119,604;66,489;105,393;17,526;142,861;42,86;87,334;35,958;140,344;28,216;89,973;45,185
ECK;Acanthobodilus immundus;12;SUMMER;65,493;4,81;204,758;9,261;140,711;0,798;138,479;0;79,409;0,839;185,264;0;38,582;2,019;167,61;8,221
ECK;Bodilopsis rufus;21;SUMMER;65,493;4,81;204,758;9,261;140,711;0,798;138,479;0;79,409;0,839;185,264;0;38,582;2,019;167,61;8,221
ECK;Bodilus lugens;14;SUMMER;65,493;4,81;204,758;9,261;140,711;0,798;138,479;0;79,409;0,839;185,264;0;38,582;2,019;167,61;8,221
ECK;Calamosternus granarius;2;SUMMER;65,493;4,81;204,758;9,261;140,711;0,798;138,479;0;79,409;0,839;185,264;0;38,582;2,019;167,61;8,221
ECK;Colobopterus erraticus;67;SUMMER;65,493;4,81;204,758;9,261;140,711;0,798;138,479;0;79,409;0,839;185,264;0;38,582;2,019;167,61;8,221
ECK;Coprimorphus scrutator;21;SUMMER;65,493;4,81;204,758;9,261;140,711;0,798;138,479;0;79,409;0,839;185,264;0;38,582;2,019;167,61;8,221
ECK;Esymus pusillus;104;SUMMER;65,493;4,81;204,758;9,261;140,711;0,798;138,479;0;79,409;0,839;185,264;0;38,582;2,019;167,61;8,221
ECK;Euoniticellus fulvus;29;SUMMER;65,493;4,81;204,758;9,261;140,711;0,798;138,479;0;79,409;0,839;185,264;0;38,582;2,019;167,61;8,221
ECK;Euorodalus paracoenosus;20;SUMMER;65,493;4,81;204,758;9,261;140,711;0,798;138,479;0;79,409;0,839;185,264;0;38,582;2,019;167,61;8,221
ECK;Labarrus lividus;4;SUMMER;65,493;4,81;204,758;9,261;140,711;0,798;138,479;0;79,409;0,839;185,264;0;38,582;2,019;167,61;8,221
ECK;Nialus varians;1;SUMMER;65,493;4,81;204,758;9,261;140,711;0,798;138,479;0;79,409;0,839;185,264;0;38,582;2,019;167,61;8,221
ECK;Onthophagus fracticornis;9;SUMMER;65,493;4,81;204,758;9,261;140,711;0,798;138,479;0;79,409;0,839;185,264;0;38,582;2,019;167,61;8,221
ECK;Onthophagus illyricus;34;SUMMER;65,493;4,81;204,758;9,261;140,711;0,798;138,479;0;79,409;0,839;185,264;0;38,582;2,019;167,61;8,221
ECK;Onthophagus ruficapillus;19;SUMMER;65,493;4,81;204,758;9,261;140,711;0,798;138,479;0;79,409;0,839;185,264;0;38,582;2,019;167,61;8,221
ECK;Onthophagus taurus;73;SUMMER;65,493;4,81;204,758;9,261;140,711;0,798;138,479;0;79,409;0,839;185,264;0;38,582;2,019;167,61;8,221
ECK;Onthophagus vacca;5;SUMMER;65,493;4,81;204,758;9,261;140,711;0,798;138,479;0;79,409;0,839;185,264;0;38,582;2,019;167,61;8,221
ECK;Onthophagus verticicornis;8;SUMMER;65,493;4,81;204,758;9,261;140,711;0,798;138,479;0;79,409;0,839;185,264;0;38,582;2,019;167,61;8,221
ECK;Otophorus haemorrhoidalis;2;SUMMER;65,493;4,81;204,758;9,261;140,711;0,798;138,479;0;79,409;0,839;185,264;0;38,582;2,019;167,61;8,221
ECK;Oxyomus sylvestris;1;SUMMER;65,493;4,81;204,758;9,261;140,711;0,798;138,479;0;79,409;0,839;185,264;0;38,582;2,019;167,61;8,221
ECK;Pleurophorus caesus;1;SUMMER;65,493;4,81;204,758;9,261;140,711;0,798;138,479;0;79,409;0,839;185,264;0;38,582;2,019;167,61;8,221
ECK;Sisyphus schaefferi;3;SUMMER;65,493;4,81;204,758;9,261;140,711;0,798;138,479;0;79,409;0,839;185,264;0;38,582;2,019;167,61;8,221
ECK;Volinus sticticus;3;SUMMER;65,493;4,81;204,758;9,261;140,711;0,798;138,479;0;79,409;0,839;185,264;0;38,582;2,019;167,61;8,221
EGG;Acrossus luridus;1;SPRING;13,626;0;3,627;48,839;122,661;0;0;0;135,465;0;0;0;190,359;1,039;0;110,614
EGG;Aphodius fimetarius;6;SPRING;13,626;0;3,627;48,839;122,661;0;0;0;135,465;0;0;0;190,359;1,039;0;110,614
EGG;Calamosternus granarius;102;SPRING;13,626;0;3,627;48,839;122,661;0;0;0;135,465;0;0;0;190,359;1,039;0;110,614
EGG;Colobopterus erraticus;29;SPRING;13,626;0;3,627;48,839;122,661;0;0;0;135,465;0;0;0;190,359;1,039;0;110,614
EGG;Euoniticellus fulvus;3;SPRING;13,626;0;3,627;48,839;122,661;0;0;0;135,465;0;0;0;190,359;1,039;0;110,614
EGG;Melinopterus consputus;1;SPRING;13,626;0;3,627;48,839;122,661;0;0;0;135,465;0;0;0;190,359;1,039;0;110,614
EGG;Onthophagus fracticornis;2;SPRING;13,626;0;3,627;48,839;122,661;0;0;0;135,465;0;0;0;190,359;1,039;0;110,614
EGG;Onthophagus lemur;36;SPRING;13,626;0;3,627;48,839;122,661;0;0;0;135,465;0;0;0;190,359;1,039;0;110,614
EGG;Onthophagus ovatus;17;SPRING;13,626;0;3,627;48,839;122,661;0;0;0;135,465;0;0;0;190,359;1,039;0;110,614
EGG;Onthophagus ruficapillus;1;SPRING;13,626;0;3,627;48,839;122,661;0;0;0;135,465;0;0;0;190,359;1,039;0;110,614
EGG;Onthophagus taurus;1;SPRING;13,626;0;3,627;48,839;122,661;0;0;0;135,465;0;0;0;190,359;1,039;0;110,614
EGG;Onthophagus vacca;7;SPRING;13,626;0;3,627;48,839;122,661;0;0;0;135,465;0;0;0;190,359;1,039;0;110,614
EGG;Onthophagus vitulus;1;SPRING;13,626;0;3,627;48,839;122,661;0;0;0;135,465;0;0;0;190,359;1,039;0;110,614
EGG;Otophorus haemorrhoidalis;4;SPRING;13,626;0;3,627;48,839;122,661;0;0;0;135,465;0;0;0;190,359;1,039;0;110,614
FMG;Acanthobodilus immundus;34;SUMMER;112,046;1,541;0;5,842;250,679;0;0;0;162,264;0;0;0;309,013;0;0;0
FMG;Acrossus luridus;1;SUMMER;112,046;1,541;0;5,842;250,679;0;0;0;162,264;0;0;0;309,013;0;0;0
FMG;Bodilus lugens;12;SUMMER;112,046;1,541;0;5,842;250,679;0;0;0;162,264;0;0;0;309,013;0;0;0
FMG;Colobopterus erraticus;14;SUMMER;112,046;1,541;0;5,842;250,679;0;0;0;162,264;0;0;0;309,013;0;0;0
FMG;Coprimorphus scrutator;9;SUMMER;112,046;1,541;0;5,842;250,679;0;0;0;162,264;0;0;0;309,013;0;0;0
FMG;Esymus pusillus;1;SUMMER;112,046;1,541;0;5,842;250,679;0;0;0;162,264;0;0;0;309,013;0;0;0
FMG;Euoniticellus fulvus;22;SUMMER;112,046;1,541;0;5,842;250,679;0;0;0;162,264;0;0;0;309,013;0;0;0
FMG;Euorodalus paracoenosus;3;SUMMER;112,046;1,541;0;5,842;250,679;0;0;0;162,264;0;0;0;309,013;0;0;0
FMG;Onthophagus illyricus;6;SUMMER;112,046;1,541;0;5,842;250,679;0;0;0;162,264;0;0;0;309,013;0;0;0
FMG;Onthophagus ovatus;33;SUMMER;112,046;1,541;0;5,842;250,679;0;0;0;162,264;0;0;0;309,013;0;0;0
FMG;Onthophagus vacca;1;SUMMER;112,046;1,541;0;5,842;250,679;0;0;0;162,264;0;0;0;309,013;0;0;0
FMG;Otophorus haemorrhoidalis;2;SUMMER;112,046;1,541;0;5,842;250,679;0;0;0;162,264;0;0;0;309,013;0;0;0
FMG;Subrinus sturmi;2;SUMMER;112,046;1,541;0;5,842;250,679;0;0;0;162,264;0;0;0;309,013;0;0;0
FMG;Teuchestes fossor;2;SUMMER;112,046;1,541;0;5,842;250,679;0;0;0;162,264;0;0;0;309,013;0;0;0
FMG;Trichonotulus scrofa;1;SUMMER;112,046;1,541;0;5,842;250,679;0;0;0;162,264;0;0;0;309,013;0;0;0
GRA;Bodilus lugens;1;SUMMER;206,774;72,543;11,002;3,941;176,399;61,179;15,478;0;224,71;38,376;2,235;19,901;93,547;9,34;0;88,582
GRA;Colobopterus erraticus;881;SUMMER;206,774;72,543;11,002;3,941;176,399;61,179;15,478;0;224,71;38,376;2,235;19,901;93,547;9,34;0;88,582
GRA;Coprimorphus scrutator;3;SUMMER;206,774;72,543;11,002;3,941;176,399;61,179;15,478;0;224,71;38,376;2,235;19,901;93,547;9,34;0;88,582
GRA;Esymus pusillus;11;SUMMER;206,774;72,543;11,002;3,941;176,399;61,179;15,478;0;224,71;38,376;2,235;19,901;93,547;9,34;0;88,582
GRA;Euoniticellus fulvus;36;SUMMER;206,774;72,543;11,002;3,941;176,399;61,179;15,478;0;224,71;38,376;2,235;19,901;93,547;9,34;0;88,582
GRA;Onthophagus coenobita;2;SUMMER;206,774;72,543;11,002;3,941;176,399;61,179;15,478;0;224,71;38,376;2,235;19,901;93,547;9,34;0;88,582
GRA;Onthophagus illyricus;10;SUMMER;206,774;72,543;11,002;3,941;176,399;61,179;15,478;0;224,71;38,376;2,235;19,901;93,547;9,34;0;88,582
GRA;Onthophagus medius;1;SUMMER;206,774;72,543;11,002;3,941;176,399;61,179;15,478;0;224,71;38,376;2,235;19,901;93,547;9,34;0;88,582
GRA;Onthophagus ruficapillus;353;SUMMER;206,774;72,543;11,002;3,941;176,399;61,179;15,478;0;224,71;38,376;2,235;19,901;93,547;9,34;0;88,582
GRA;Onthophagus taurus;16;SUMMER;206,774;72,543;11,002;3,941;176,399;61,179;15,478;0;224,71;38,376;2,235;19,901;93,547;9,34;0;88,582
GRA;Onthophagus vacca;1;SUMMER;206,774;72,543;11,002;3,941;176,399;61,179;15,478;0;224,71;38,376;2,235;19,901;93,547;9,34;0;88,582
GRA;Plagiogonus arenarius;1;SUMMER;206,774;72,543;11,002;3,941;176,399;61,179;15,478;0;224,71;38,376;2,235;19,901;93,547;9,34;0;88,582
GRA;Rhodaphodius foetens;2;SUMMER;206,774;72,543;11,002;3,941;176,399;61,179;15,478;0;224,71;38,376;2,235;19,901;93,547;9,34;0;88,582
GRA;Subrinus sturmi;1;SUMMER;206,774;72,543;11,002;3,941;176,399;61,179;15,478;0;224,71;38,376;2,235;19,901;93,547;9,34;0;88,582
GRA;Teuchestes fossor;1;SUMMER;206,774;72,543;11,002;3,941;176,399;61,179;15,478;0;224,71;38,376;2,235;19,901;93,547;9,34;0;88,582
GRA;Volinus sticticus;1;SUMMER;206,774;72,543;11,002;3,941;176,399;61,179;15,478;0;224,71;38,376;2,235;19,901;93,547;9,34;0;88,582
GRA;Aphodius fimetarius;6;SUMMER;206,774;72,543;11,002;3,941;176,399;61,179;15,478;0;224,71;38,376;2,235;19,901;93,547;9,34;0;88,582
GRA;Euorodalus paracoenosus;;SUMMER;206,774;72,543;11,002;3,941;176,399;61,179;15,478;0;224,71;38,376;2,235;19,901;93,547;9,34;0;88,582
HOH;Aphodius fimetarius;4;SUMMER;84,173;0;161,886;1,465;93,702;0;145,057;11,545;82,862;0;166,24;5,872;42,181;0,182;124,797;20,179
HOH;Coprimorphus scrutator;4;SUMMER;84,173;0;161,886;1,465;93,702;0;145,057;11,545;82,862;0;166,24;5,872;42,181;0,182;124,797;20,179
HOH;Esymus pusillus;4;SUMMER;84,173;0;161,886;1,465;93,702;0;145,057;11,545;82,862;0;166,24;5,872;42,181;0,182;124,797;20,179
HOH;Euoniticellus fulvus;1;SUMMER;84,173;0;161,886;1,465;93,702;0;145,057;11,545;82,862;0;166,24;5,872;42,181;0,182;124,797;20,179
HOH;Euorodalus paracoenosus;2;SUMMER;84,173;0;161,886;1,465;93,702;0;145,057;11,545;82,862;0;166,24;5,872;42,181;0,182;124,797;20,179
HOH;Onthophagus coenobita;1;SUMMER;84,173;0;161,886;1,465;93,702;0;145,057;11,545;82,862;0;166,24;5,872;42,181;0,182;124,797;20,179
HOH;Onthophagus ovatus;8;SUMMER;84,173;0;161,886;1,465;93,702;0;145,057;11,545;82,862;0;166,24;5,872;42,181;0,182;124,797;20,179
HOH;Onthophagus taurus;1;SUMMER;84,173;0;161,886;1,465;93,702;0;145,057;11,545;82,862;0;166,24;5,872;42,181;0,182;124,797;20,179
HOH;Onthophagus verticicornis;3;SUMMER;84,173;0;161,886;1,465;93,702;0;145,057;11,545;82,862;0;166,24;5,872;42,181;0,182;124,797;20,179
HOH;Otophorus haemorrhoidalis;25;SUMMER;84,173;0;161,886;1,465;93,702;0;145,057;11,545;82,862;0;166,24;5,872;42,181;0,182;124,797;20,179
HOH;Rhodaphodius foetens;1;SUMMER;84,173;0;161,886;1,465;93,702;0;145,057;11,545;82,862;0;166,24;5,872;42,181;0,182;124,797;20,179
HOH;Teuchestes fossor;1;SUMMER;84,173;0;161,886;1,465;93,702;0;145,057;11,545;82,862;0;166,24;5,872;42,181;0,182;124,797;20,179
KIR;Acanthobodilus immundus;2;SUMMER;228,812;0;0;58,818;233,557;1,314;0;56,047;172,483;0;0;94,782;49,487;0;0;212,639
KIR;Bodilopsis rufus;2;SUMMER;228,812;0;0;58,818;233,557;1,314;0;56,047;172,483;0;0;94,782;49,487;0;0;212,639
KIR;Coprimorphus scrutator;17;SUMMER;228,812;0;0;58,818;233,557;1,314;0;56,047;172,483;0;0;94,782;49,487;0;0;212,639
KIR;Copris lunaris;1;SUMMER;228,812;0;0;58,818;233,557;1,314;0;56,047;172,483;0;0;94,782;49,487;0;0;212,639
KIR;Euoniticellus fulvus;55;SUMMER;228,812;0;0;58,818;233,557;1,314;0;56,047;172,483;0;0;94,782;49,487;0;0;212,639
KIR;Euorodalus paracoenosus;1;SUMMER;228,812;0;0;58,818;233,557;1,314;0;56,047;172,483;0;0;94,782;49,487;0;0;212,639
KIR;Onthophagus furcatus;1;SUMMER;228,812;0;0;58,818;233,557;1,314;0;56,047;172,483;0;0;94,782;49,487;0;0;212,639
KIR;Onthophagus nuchicornis;12;SUMMER;228,812;0;0;58,818;233,557;1,314;0;56,047;172,483;0;0;94,782;49,487;0;0;212,639
KIR;Onthophagus ruficapillus;18;SUMMER;228,812;0;0;58,818;233,557;1,314;0;56,047;172,483;0;0;94,782;49,487;0;0;212,639
KIR;Onthophagus taurus;4;SUMMER;228,812;0;0;58,818;233,557;1,314;0;56,047;172,483;0;0;94,782;49,487;0;0;212,639
KIR;Otophorus haemorrhoidalis;2;SUMMER;228,812;0;0;58,818;233,557;1,314;0;56,047;172,483;0;0;94,782;49,487;0;0;212,639
KIR;Subrinus sturmi;13;SUMMER;228,812;0;0;58,818;233,557;1,314;0;56,047;172,483;0;0;94,782;49,487;0;0;212,639
L1;Geotrupes spiniger;2;SPRING;145,651;0;10,022;123,592;287,061;0;0;7,193;277,191;2,977;0;5,176;224,496;1,884;0;42,862
L1;Onthophagus joannae;1;SPRING;145,651;0;10,022;123,592;287,061;0;0;7,193;277,191;2,977;0;5,176;224,496;1,884;0;42,862
L1;Onthophagus nuchicornis;1;SPRING;145,651;0;10,022;123,592;287,061;0;0;7,193;277,191;2,977;0;5,176;224,496;1,884;0;42,862
L1;Rhodaphodius foetens;6;SPRING;145,651;0;10,022;123,592;287,061;0;0;7,193;277,191;2,977;0;5,176;224,496;1,884;0;42,862
L3;Acrossus luridus;6;SPRING;173,791;1,007;70,286;21,427;188,204;1,423;33,791;62,886;191,246;0;20,84;52,59;143,777;0;0;111,254
L3;Agrilinus ater;1;SPRING;173,791;1,007;70,286;21,427;188,204;1,423;33,791;62,886;191,246;0;20,84;52,59;143,777;0;0;111,254
L3;Aphodius fimetarius;10;SPRING;173,791;1,007;70,286;21,427;188,204;1,423;33,791;62,886;191,246;0;20,84;52,59;143,777;0;0;111,254
L3;Calamosternus granarius;3;SPRING;173,791;1,007;70,286;21,427;188,204;1,423;33,791;62,886;191,246;0;20,84;52,59;143,777;0;0;111,254
L3;Eupleurus subterraneus;5;SPRING;173,791;1,007;70,286;21,427;188,204;1,423;33,791;62,886;191,246;0;20,84;52,59;143,777;0;0;111,254
L3;Melinopterus prodromus;17;SPRING;173,791;1,007;70,286;21,427;188,204;1,423;33,791;62,886;191,246;0;20,84;52,59;143,777;0;0;111,254
L3;Melinopterus sphacelatus;61;SPRING;173,791;1,007;70,286;21,427;188,204;1,423;33,791;62,886;191,246;0;20,84;52,59;143,777;0;0;111,254
L3;Onthophagus joannae;2;SPRING;173,791;1,007;70,286;21,427;188,204;1,423;33,791;62,886;191,246;0;20,84;52,59;143,777;0;0;111,254
L3;Onthophagus ovatus;4;SPRING;173,791;1,007;70,286;21,427;188,204;1,423;33,791;62,886;191,246;0;20,84;52,59;143,777;0;0;111,254
L4;Aphodius fimetarius;9;SPRING;196,04;0;8,723;3,152;196,468;0;2,626;0;231,119;0;0;0;166,677;0;0;20,636
L4;Bodilopsis rufus;23;SPRING;196,04;0;8,723;3,152;196,468;0;2,626;0;231,119;0;0;0;166,677;0;0;20,636
L4;Chilothorax distinctus;6;SPRING;196,04;0;8,723;3,152;196,468;0;2,626;0;231,119;0;0;0;166,677;0;0;20,636
L4;Colobopterus erraticus;3;SPRING;196,04;0;8,723;3,152;196,468;0;2,626;0;231,119;0;0;0;166,677;0;0;20,636
L4;Coprimorphus scrutator;3;SPRING;196,04;0;8,723;3,152;196,468;0;2,626;0;231,119;0;0;0;166,677;0;0;20,636
L4;Geotrupes spiniger;7;SPRING;196,04;0;8,723;3,152;196,468;0;2,626;0;231,119;0;0;0;166,677;0;0;20,636
L4;Otophorus haemorrhoidalis;64;SPRING;196,04;0;8,723;3,152;196,468;0;2,626;0;231,119;0;0;0;166,677;0;0;20,636
L4;Rhodaphodius foetens;17;SPRING;196,04;0;8,723;3,152;196,468;0;2,626;0;231,119;0;0;0;166,677;0;0;20,636
L4;Sigorus porcus;1;SPRING;196,04;0;8,723;3,152;196,468;0;2,626;0;231,119;0;0;0;166,677;0;0;20,636
L4;Volinus sticticus;3;SPRING;196,04;0;8,723;3,152;196,468;0;2,626;0;231,119;0;0;0;166,677;0;0;20,636
L5;Acrossus luridus;4;SPRING;170,683;22,304;48,064;58,412;185,778;12,074;39,114;0;255,126;5,309;36,025;2,284;239,849;5,613;46,604;6,797
L5;Calamosternus granarius;1;SPRING;170,683;22,304;48,064;58,412;185,778;12,074;39,114;0;255,126;5,309;36,025;2,284;239,849;5,613;46,604;6,797
L5;Chilothorax distinctus;13;SPRING;170,683;22,304;48,064;58,412;185,778;12,074;39,114;0;255,126;5,309;36,025;2,284;239,849;5,613;46,604;6,797
L5;Euorodalus coenosus;6;SPRING;170,683;22,304;48,064;58,412;185,778;12,074;39,114;0;255,126;5,309;36,025;2,284;239,849;5,613;46,604;6,797
L5;Melinopterus prodromus;60;SPRING;170,683;22,304;48,064;58,412;185,778;12,074;39,114;0;255,126;5,309;36,025;2,284;239,849;5,613;46,604;6,797
L5;Melinopterus sphacelatus;33;SPRING;170,683;22,304;48,064;58,412;185,778;12,074;39,114;0;255,126;5,309;36,025;2,284;239,849;5,613;46,604;6,797
L5;Onthophagus coenobita;7;SPRING;170,683;22,304;48,064;58,412;185,778;12,074;39,114;0;255,126;5,309;36,025;2,284;239,849;5,613;46,604;6,797
L5;Onthophagus joannae;35;SPRING;170,683;22,304;48,064;58,412;185,778;12,074;39,114;0;255,126;5,309;36,025;2,284;239,849;5,613;46,604;6,797
L5;Onthophagus nuchicornis;5;SPRING;170,683;22,304;48,064;58,412;185,778;12,074;39,114;0;255,126;5,309;36,025;2,284;239,849;5,613;46,604;6,797
L5;Onthophagus ovatus;112;SPRING;170,683;22,304;48,064;58,412;185,778;12,074;39,114;0;255,126;5,309;36,025;2,284;239,849;5,613;46,604;6,797
L5;Planolinoides borealis;1;SPRING;170,683;22,304;48,064;58,412;185,778;12,074;39,114;0;255,126;5,309;36,025;2,284;239,849;5,613;46,604;6,797
L6;Bodilus lugens;2;SPRING;24,905;30,093;108,221;21,436;45,535;29,11;111,235;0;20,296;17,264;89,947;0;6,002;26,329;97,094;126,835
L6;Colobopterus erraticus;1;SPRING;24,905;30,093;108,221;21,436;45,535;29,11;111,235;0;20,296;17,264;89,947;0;6,002;26,329;97,094;126,835
L6;Onthophagus joannae;2;SPRING;24,905;30,093;108,221;21,436;45,535;29,11;111,235;0;20,296;17,264;89,947;0;6,002;26,329;97,094;126,835
L6;Onthophagus ovatus;3;SPRING;24,905;30,093;108,221;21,436;45,535;29,11;111,235;0;20,296;17,264;89,947;0;6,002;26,329;97,094;126,835
L6;Onthophagus ruficapillus;39;SPRING;24,905;30,093;108,221;21,436;45,535;29,11;111,235;0;20,296;17,264;89,947;0;6,002;26,329;97,094;126,835
L6;Onthophagus verticicornis;1;SPRING;24,905;30,093;108,221;21,436;45,535;29,11;111,235;0;20,296;17,264;89,947;0;6,002;26,329;97,094;126,835
L6;Sisyphus schaefferi;18;SPRING;24,905;30,093;108,221;21,436;45,535;29,11;111,235;0;20,296;17,264;89,947;0;6,002;26,329;97,094;126,835
L7;Aphodius fimetarius;1;SPRING;168,747;7,015;85,501;14,798;171,897;6,206;74,078;22,201;230,666;1,579;43,839;32,928;196,078;2,864;16,194;88,668
L7;Bodilopsis rufus;6;SPRING;168,747;7,015;85,501;14,798;171,897;6,206;74,078;22,201;230,666;1,579;43,839;32,928;196,078;2,864;16,194;88,668
L7;Colobopterus erraticus;6;SPRING;168,747;7,015;85,501;14,798;171,897;6,206;74,078;22,201;230,666;1,579;43,839;32,928;196,078;2,864;16,194;88,668
L7;Eupleurus subterraneus;1;SPRING;168,747;7,015;85,501;14,798;171,897;6,206;74,078;22,201;230,666;1,579;43,839;32,928;196,078;2,864;16,194;88,668
L7;Onthophagus ovatus;1;SPRING;168,747;7,015;85,501;14,798;171,897;6,206;74,078;22,201;230,666;1,579;43,839;32,928;196,078;2,864;16,194;88,668
L7;Otophorus haemorrhoidalis;22;SPRING;168,747;7,015;85,501;14,798;171,897;6,206;74,078;22,201;230,666;1,579;43,839;32,928;196,078;2,864;16,194;88,668
L7;Rhodaphodius foetens;1;SPRING;168,747;7,015;85,501;14,798;171,897;6,206;74,078;22,201;230,666;1,579;43,839;32,928;196,078;2,864;16,194;88,668
L7;Teuchestes fossor;11;SPRING;168,747;96,982;85,501;14,798;171,897;6,206;74,078;22,201;230,666;1,579;43,839;32,928;196,078;2,864;16,194;88,668
LAA;Acanthobodilus immundus;1;SUMMER;140,2;96,982;41,493;9,957;175,421;83,646;36,6;1,918;203,379;64,34;36,186;0;156,133;30,919;58,799;28,537
LAA;Colobopterus erraticus;9;SUMMER;140,2;96,982;41,493;9,957;175,421;83,646;36,6;1,918;203,379;64,34;36,186;0;156,133;30,919;58,799;28,537
LAA;Coprimorphus scrutator;1;SUMMER;140,2;96,982;41,493;9,957;175,421;83,646;36,6;1,918;203,379;64,34;36,186;0;156,133;30,919;58,799;28,537
LAA;Esymus pusillus;26;SUMMER;140,2;96,982;41,493;9,957;175,421;83,646;36,6;1,918;203,379;64,34;36,186;0;156,133;30,919;58,799;28,537
LAA;Euoniticellus fulvus;3;SUMMER;140,2;96,982;41,493;9,957;175,421;83,646;36,6;1,918;203,379;64,34;36,186;0;156,133;30,919;58,799;28,537
LAA;Onthophagus coenobita;1;SUMMER;140,2;96,982;41,493;9,957;175,421;83,646;36,6;1,918;203,379;64,34;36,186;0;156,133;30,919;58,799;28,537
LAA;Onthophagus illyricus;1;SUMMER;140,2;96,982;41,493;9,957;175,421;83,646;36,6;1,918;203,379;64,34;36,186;0;156,133;30,919;58,799;28,537
LAA;Onthophagus joannae;4;SUMMER;140,2;96,982;41,493;9,957;175,421;83,646;36,6;1,918;203,379;64,34;36,186;0;156,133;30,919;58,799;28,537
LAA;Onthophagus ovatus;17;SUMMER;140,2;96,982;41,493;9,957;175,421;83,646;36,6;1,918;203,379;64,34;36,186;0;156,133;30,919;58,799;28,537
LAA;Onthophagus ruficapillus;8;SUMMER;140,2;96,982;41,493;9,957;175,421;83,646;36,6;1,918;203,379;64,34;36,186;0;156,133;30,919;58,799;28,537
LAA;Onthophagus taurus;1;SUMMER;140,2;96,982;41,493;9,957;175,421;83,646;36,6;1,918;203,379;64,34;36,186;0;156,133;30,919;58,799;28,537
LAA;Onthophagus vacca;5;SUMMER;140,2;96,982;41,493;9,957;175,421;83,646;36,6;1,918;203,379;64,34;36,186;0;156,133;30,919;58,799;28,537
LAA;Onthophagus verticicornis;1;SUMMER;140,2;96,982;41,493;9,957;175,421;83,646;36,6;1,918;203,379;64,34;36,186;0;156,133;30,919;58,799;28,537
LAA;Otophorus haemorrhoidalis;3;SUMMER;140,2;96,982;41,493;9,957;175,421;83,646;36,6;1,918;203,379;64,34;36,186;0;156,133;30,919;58,799;28,537
LAA;Phalacronothus biguttatus;1;SUMMER;140,2;96,982;41,493;9,957;175,421;83,646;36,6;1,918;203,379;64,34;36,186;0;156,133;30,919;58,799;28,537
LTG;Acrossus rufipes;1;SUMMER;4,611;55,272;166,083;38,479;4,828;53,298;172,045;39,121;9,349;51,715;155,225;0;3,57;0,145;201,206;0,745
LTG;Bodilopsis rufus;4;SUMMER;4,611;55,272;166,083;38,479;4,828;53,298;172,045;39,121;9,349;51,715;155,225;0;3,57;0,145;201,206;0,745
LTG;Calamosternus granarius;2;SUMMER;4,611;55,272;166,083;38,479;4,828;53,298;172,045;39,121;9,349;51,715;155,225;0;3,57;0,145;201,206;0,745
LTG;Colobopterus erraticus;262;SUMMER;4,611;55,272;166,083;38,479;4,828;53,298;172,045;39,121;9,349;51,715;155,225;0;3,57;0,145;201,206;0,745
LTG;Coprimorphus scrutator;2;SUMMER;4,611;55,272;166,083;38,479;4,828;53,298;172,045;39,121;9,349;51,715;155,225;0;3,57;0,145;201,206;0,745
LTG;Copris lunaris;4;SUMMER;4,611;55,272;166,083;38,479;4,828;53,298;172,045;39,121;9,349;51,715;155,225;0;3,57;0,145;201,206;0,745
LTG;Esymus pusillus;133;SUMMER;4,611;55,272;166,083;38,479;4,828;53,298;172,045;39,121;9,349;51,715;155,225;0;3,57;0,145;201,206;0,745
LTG;Euoniticellus fulvus;54;SUMMER;4,611;55,272;166,083;38,479;4,828;53,298;172,045;39,121;9,349;51,715;155,225;0;3,57;0,145;201,206;0,745
LTG;Euorodalus paracoenosus;1;SUMMER;4,611;55,272;166,083;38,479;4,828;53,298;172,045;39,121;9,349;51,715;155,225;0;3,57;0,145;201,206;0,745
LTG;Geotrupes stercorarius;1;SUMMER;4,611;55,272;166,083;38,479;4,828;53,298;172,045;39,121;9,349;51,715;155,225;0;3,57;0,145;201,206;0,745
LTG;Nialus varians;4;SUMMER;4,611;55,272;166,083;38,479;4,828;53,298;172,045;39,121;9,349;51,715;155,225;0;3,57;0,145;201,206;0,745
LTG;Onthophagus fracticornis;17;SUMMER;4,611;55,272;166,083;38,479;4,828;53,298;172,045;39,121;9,349;51,715;155,225;0;3,57;0,145;201,206;0,745
LTG;Onthophagus illyricus;318;SUMMER;4,611;55,272;166,083;38,479;4,828;53,298;172,045;39,121;9,349;51,715;155,225;0;3,57;0,145;201,206;0,745
LTG;Onthophagus medius;1;SUMMER;4,611;55,272;166,083;38,479;4,828;53,298;172,045;39,121;9,349;51,715;155,225;0;3,57;0,145;201,206;0,745
LTG;Onthophagus ovatus;15;SUMMER;4,611;55,272;166,083;38,479;4,828;53,298;172,045;39,121;9,349;51,715;155,225;0;3,57;0,145;201,206;0,745
LTG;Onthophagus ruficapillus;10;SUMMER;4,611;55,272;166,083;38,479;4,828;53,298;172,045;39,121;9,349;51,715;155,225;0;3,57;0,145;201,206;0,745
LTG;Onthophagus taurus;14;SUMMER;4,611;55,272;166,083;38,479;4,828;53,298;172,045;39,121;9,349;51,715;155,225;0;3,57;0,145;201,206;0,745
LTG;Onthophagus vacca;2;SUMMER;4,611;55,272;166,083;38,479;4,828;53,298;172,045;39,121;9,349;51,715;155,225;0;3,57;0,145;201,206;0,745
LTG;Onthophagus verticicornis;56;SUMMER;4,611;55,272;166,083;38,479;4,828;53,298;172,045;39,121;9,349;51,715;155,225;0;3,57;0,145;201,206;0,745
LTG;Otophorus haemorrhoidalis;21;SUMMER;4,611;55,272;166,083;38,479;4,828;53,298;172,045;39,121;9,349;51,715;155,225;0;3,57;0,145;201,206;0,745
LTG;Oxyomus sylvestris;2;SUMMER;4,611;55,272;166,083;38,479;4,828;53,298;172,045;39,121;9,349;51,715;155,225;0;3,57;0,145;201,206;0,745
LTG;Teuchestes fossor;44;SUMMER;4,611;55,272;166,083;38,479;4,828;53,298;172,045;39,121;9,349;51,715;155,225;0;3,57;0,145;201,206;0,745
LTG;Trichonotulus scrofa;1;SUMMER;4,611;55,272;166,083;38,479;4,828;53,298;172,045;39,121;9,349;51,715;155,225;0;3,57;0,145;201,206;0,745
LTG;Volinus sticticus;3;SUMMER;4,611;55,272;166,083;38,479;4,828;53,298;172,045;39,121;9,349;51,715;155,225;0;3,57;0,145;201,206;0,745
LAN;Acanthobodilus immundus;3;SUMMER;134,672;0;0;135,737;99,316;0;0;155,766;98,001;0;0;119,29;81,802;0;0;123,785
LAN;Bodilus lugens;1;SUMMER;134,672;0;0;135,737;99,316;0;0;155,766;98,001;0;0;119,29;81,802;0;0;123,785
LAN;Euoniticellus fulvus;10;SUMMER;134,672;0;0;135,737;99,316;0;0;155,766;98,001;0;0;119,29;81,802;0;0;123,785
LAN;Onthophagus furcatus;6;SUMMER;134,672;0;0;135,737;99,316;0;0;155,766;98,001;0;0;119,29;81,802;0;0;123,785
LAN;Onthophagus illyricus;12;SUMMER;134,672;0;0;135,737;99,316;0;0;155,766;98,001;0;0;119,29;81,802;0;0;123,785
LAN;Onthophagus nuchicornis;42;SUMMER;134,672;0;0;135,737;99,316;0;0;155,766;98,001;0;0;119,29;81,802;0;0;123,785
LAN;Onthophagus ovatus;4;SUMMER;134,672;0;0;135,737;99,316;0;0;155,766;98,001;0;0;119,29;81,802;0;0;123,785
LAN;Onthophagus ruficapillus;280;SUMMER;134,672;0;0;135,737;99,316;0;0;155,766;98,001;0;0;119,29;81,802;0;0;123,785
LAN;Onthophagus taurus;2;SUMMER;134,672;0;0;135,737;99,316;0;0;155,766;98,001;0;0;119,29;81,802;0;0;123,785
LAN;Onthophagus vitulus;2;SUMMER;134,672;0;0;135,737;99,316;0;0;155,766;98,001;0;0;119,29;81,802;0;0;123,785
LAN;Otophorus haemorrhoidalis;1;SUMMER;134,672;0;0;135,737;99,316;0;0;155,766;98,001;0;0;119,29;81,802;0;0;123,785
LAN;Subrinus sturmi;2;SUMMER;134,672;0;0;135,737;99,316;0;0;155,766;98,001;0;0;119,29;81,802;0;0;123,785
MAR;Acrossus depressus;1;SUMMER;47,716;32,503;162,89;36,622;46,106;32,06;141,654;0;38,332;36,139;111,165;0;13,751;32,88;134,509;0
MAR;Aphodius fimetarius;1;SUMMER;47,716;32,503;162,89;36,622;46,106;32,06;141,654;0;38,332;36,139;111,165;0;13,751;32,88;134,509;0
MAR;Bodilopsis rufus;1;SUMMER;47,716;32,503;162,89;36,622;46,106;32,06;141,654;0;38,332;36,139;111,165;0;13,751;32,88;134,509;0
MAR;Colobopterus erraticus;32;SUMMER;47,716;32,503;162,89;36,622;46,106;32,06;141,654;0;38,332;36,139;111,165;0;13,751;32,88;134,509;0
MAR;Coprimorphus scrutator;1;SUMMER;47,716;32,503;162,89;36,622;46,106;32,06;141,654;0;38,332;36,139;111,165;0;13,751;32,88;134,509;0
MAR;Esymus pusillus;2;SUMMER;47,716;32,503;162,89;36,622;46,106;32,06;141,654;0;38,332;36,139;111,165;0;13,751;32,88;134,509;0
MAR;Euoniticellus fulvus;58;SUMMER;47,716;32,503;162,89;36,622;46,106;32,06;141,654;0;38,332;36,139;111,165;0;13,751;32,88;134,509;0
MAR;Eupleurus subterraneus;1;SUMMER;47,716;32,503;162,89;36,622;46,106;32,06;141,654;0;38,332;36,139;111,165;0;13,751;32,88;134,509;0
MAR;Labarrus lividus;3;SUMMER;47,716;32,503;162,89;36,622;46,106;32,06;141,654;0;38,332;36,139;111,165;0;13,751;32,88;134,509;0
MAR;Onthophagus coenobita;1;SUMMER;47,716;32,503;162,89;36,622;46,106;32,06;141,654;0;38,332;36,139;111,165;0;13,751;32,88;134,509;0
MAR;Onthophagus illyricus;18;SUMMER;47,716;32,503;162,89;36,622;46,106;32,06;141,654;0;38,332;36,139;111,165;0;13,751;32,88;134,509;0
MAR;Onthophagus ovatus;1;SUMMER;47,716;32,503;162,89;36,622;46,106;32,06;141,654;0;38,332;36,139;111,165;0;13,751;32,88;134,509;0
MAR;Otophorus haemorrhoidalis;14;SUMMER;47,716;32,503;162,89;36,622;46,106;32,06;141,654;0;38,332;36,139;111,165;0;13,751;32,88;134,509;0
MGN;Acrossus luridus;5;SPRING;144,7;0;10,119;12,312;178,169;0;45,14;12,142;292,884;0;8,288;0;272,296;0;0;36,716
MGN;Agrilinus ater;2;SPRING;144,7;0;10,119;12,312;178,169;0;45,14;12,142;292,884;0;8,288;0;272,296;0;0;36,716
MGN;Aphodius fimetarius;1;SPRING;144,7;0;10,119;12,312;178,169;0;45,14;12,142;292,884;0;8,288;0;272,296;0;0;36,716
MGN;Calamosternus granarius;17;SPRING;144,7;0;10,119;12,312;178,169;0;45,14;12,142;292,884;0;8,288;0;272,296;0;0;36,716
MGN;Chilothorax distinctus;59;SPRING;144,7;0;10,119;12,312;178,169;0;45,14;12,142;292,884;0;8,288;0;272,296;0;0;36,716
MGN;Colobopterus erraticus;28;SPRING;144,7;0;10,119;12,312;178,169;0;45,14;12,142;292,884;0;8,288;0;272,296;0;0;36,716
MGN;Esymus pusillus;5;SPRING;144,7;0;10,119;12,312;178,169;0;45,14;12,142;292,884;0;8,288;0;272,296;0;0;36,716
MGN;Euoniticellus fulvus;11;SPRING;144,7;0;10,119;12,312;178,169;0;45,14;12,142;292,884;0;8,288;0;272,296;0;0;36,716
MGN;Euorodalus paracoenosus;57;SPRING;144,7;0;10,119;12,312;178,169;0;45,14;12,142;292,884;0;8,288;0;272,296;0;0;36,716
MGN;Onthophagus coenobita;1;SPRING;144,7;0;10,119;12,312;178,169;0;45,14;12,142;292,884;0;8,288;0;272,296;0;0;36,716
MGN;Onthophagus fracticornis;4;SPRING;144,7;0;10,119;12,312;178,169;0;45,14;12,142;292,884;0;8,288;0;272,296;0;0;36,716
MGN;Onthophagus furcatus;1;SPRING;144,7;0;10,119;12,312;178,169;0;45,14;12,142;292,884;0;8,288;0;272,296;0;0;36,716
MGN;Onthophagus illyricus;9;SPRING;144,7;0;10,119;12,312;178,169;0;45,14;12,142;292,884;0;8,288;0;272,296;0;0;36,716
MGN;Onthophagus nuchicornis;1;SPRING;144,7;0;10,119;12,312;178,169;0;45,14;12,142;292,884;0;8,288;0;272,296;0;0;36,716
MGN;Onthophagus ovatus;45;SPRING;144,7;0;10,119;12,312;178,169;0;45,14;12,142;292,884;0;8,288;0;272,296;0;0;36,716
MGN;Onthophagus ruficapillus;13;SPRING;144,7;0;10,119;12,312;178,169;0;45,14;12,142;292,884;0;8,288;0;272,296;0;0;36,716
MGN;Onthophagus vacca;3;SPRING;144,7;0;10,119;12,312;178,169;0;45,14;12,142;292,884;0;8,288;0;272,296;0;0;36,716
MGN;Otophorus haemorrhoidalis;12;SPRING;144,7;0;10,119;12,312;178,169;0;45,14;12,142;292,884;0;8,288;0;272,296;0;0;36,716
MGN;Trichonotulus scrofa;2;SPRING;144,7;0;10,119;12,312;178,169;0;45,14;12,142;292,884;0;8,288;0;272,296;0;0;36,716
MGN;Volinus sticticus;1;SPRING;144,7;0;10,119;12,312;178,169;0;45,14;12,142;292,884;0;8,288;0;272,296;0;0;36,716
MAN;Acanthobodilus immundus;1;SUMMER;247,302;6,392;0;33,497;280,274;6,672;0,653;0;236,372;3,367;0;57,637;115,273;0;0;78,969
MAN;Aphodius fimetarius;22;SUMMER;247,302;6,392;0;33,497;280,274;6,672;0,653;0;236,372;3,367;0;57,637;115,273;0;0;78,969
MAN;Colobopterus erraticus;94;SUMMER;247,302;6,392;0;33,497;280,274;6,672;0,653;0;236,372;3,367;0;57,637;115,273;0;0;78,969
MAN;Euoniticellus fulvus;42;SUMMER;247,302;6,392;0;33,497;280,274;6,672;0,653;0;236,372;3,367;0;57,637;115,273;0;0;78,969
MAN;Euorodalus paracoenosus;1;SUMMER;247,302;6,392;0;33,497;280,274;6,672;0,653;0;236,372;3,367;0;57,637;115,273;0;0;78,969
MAN;Onthophagus illyricus;5;SUMMER;247,302;6,392;0;33,497;280,274;6,672;0,653;0;236,372;3,367;0;57,637;115,273;0;0;78,969
MAN;Onthophagus ruficapillus;4;SUMMER;247,302;6,392;0;33,497;280,274;6,672;0,653;0;236,372;3,367;0;57,637;115,273;0;0;78,969
MAN;Onthophagus taurus;4;SUMMER;247,302;6,392;0;33,497;280,274;6,672;0,653;0;236,372;3,367;0;57,637;115,273;0;0;78,969
MAN;Onthophagus vacca;7;SUMMER;247,302;6,392;0;33,497;280,274;6,672;0,653;0;236,372;3,367;0;57,637;115,273;0;0;78,969
MAN;Otophorus haemorrhoidalis;2;SUMMER;247,302;6,392;0;33,497;280,274;6,672;0,653;0;236,372;3,367;0;57,637;115,273;0;0;78,969
MAN;Plagiogonus arenarius;1;SUMMER;247,302;6,392;0;33,497;280,274;6,672;0,653;0;236,372;3,367;0;57,637;115,273;0;0;78,969
MAN;Teuchestes fossor;2;SUMMER;247,302;6,392;0;33,497;280,274;6,672;0,653;0;236,372;3,367;0;57,637;115,273;0;0;78,969
NIC;Aphodius fimetarius;4;SUMMER;247,613;2,069;29,649;8,733;252,05;1,339;19,492;25,127;183,969;0,429;9,632;107,859;149,969;0;3,651;147,245
NIC;Bodilopsis rufus;1;SUMMER;247,613;2,069;29,649;8,733;252,05;1,339;19,492;25,127;183,969;0,429;9,632;107,859;149,969;0;3,651;147,245
NIC;Bodilus lugens;53;SUMMER;247,613;2,069;29,649;8,733;252,05;1,339;19,492;25,127;183,969;0,429;9,632;107,859;149,969;0;3,651;147,245
NIC;Colobopterus erraticus;6;SUMMER;247,613;2,069;29,649;8,733;252,05;1,339;19,492;25,127;183,969;0,429;9,632;107,859;149,969;0;3,651;147,245
NIC;Coprimorphus scrutator;1;SUMMER;247,613;2,069;29,649;8,733;252,05;1,339;19,492;25,127;183,969;0,429;9,632;107,859;149,969;0;3,651;147,245
NIC;Copris lunaris;5;SUMMER;247,613;2,069;29,649;8,733;252,05;1,339;19,492;25,127;183,969;0,429;9,632;107,859;149,969;0;3,651;147,245
NIC;Esymus pusillus;2;SUMMER;247,613;2,069;29,649;8,733;252,05;1,339;19,492;25,127;183,969;0,429;9,632;107,859;149,969;0;3,651;147,245
NIC;Euoniticellus fulvus;55;SUMMER;247,613;2,069;29,649;8,733;252,05;1,339;19,492;25,127;183,969;0,429;9,632;107,859;149,969;0;3,651;147,245
NIC;Euorodalus paracoenosus;3;SUMMER;247,613;2,069;29,649;8,733;252,05;1,339;19,492;25,127;183,969;0,429;9,632;107,859;149,969;0;3,651;147,245
NIC;Eupleurus subterraneus;2;SUMMER;247,613;2,069;29,649;8,733;252,05;1,339;19,492;25,127;183,969;0,429;9,632;107,859;149,969;0;3,651;147,245
NIC;Onthophagus illyricus;3;SUMMER;247,613;2,069;29,649;8,733;252,05;1,339;19,492;25,127;183,969;0,429;9,632;107,859;149,969;0;3,651;147,245
NIC;Onthophagus ruficapillus;136;SUMMER;247,613;2,069;29,649;8,733;252,05;1,339;19,492;25,127;183,969;0,429;9,632;107,859;149,969;0;3,651;147,245
NIC;Onthophagus taurus;7;SUMMER;247,613;2,069;29,649;8,733;252,05;1,339;19,492;25,127;183,969;0,429;9,632;107,859;149,969;0;3,651;147,245
NIC;Otophorus haemorrhoidalis;8;SUMMER;247,613;2,069;29,649;8,733;252,05;1,339;19,492;25,127;183,969;0,429;9,632;107,859;149,969;0;3,651;147,245
NIC;Oxyomus sylvestris;2;SUMMER;247,613;2,069;29,649;8,733;252,05;1,339;19,492;25,127;183,969;0,429;9,632;107,859;149,969;0;3,651;147,245
NIC;Phalacronothus biguttatus;1;SUMMER;247,613;2,069;29,649;8,733;252,05;1,339;19,492;25,127;183,969;0,429;9,632;107,859;149,969;0;3,651;147,245
NIC;Subrinus sturmi;1;SUMMER;247,613;2,069;29,649;8,733;252,05;1,339;19,492;25,127;183,969;0,429;9,632;107,859;149,969;0;3,651;147,245
NIC;Teuchestes fossor;4;SUMMER;247,613;2,069;29,649;8,733;252,05;1,339;19,492;25,127;183,969;0,429;9,632;107,859;149,969;0;3,651;147,245
OGG;Aphodius fimetarius;2;SUMMER;125,133;0;0;10,65;119,735;0;0;5,71;129,189;0;0;0;94,803;0;0;18,269
OGG;Bodilus lugens;1;SUMMER;125,133;0;0;10,65;119,735;0;0;5,71;129,189;0;0;0;94,803;0;0;18,269
OGG;Colobopterus erraticus;16;SUMMER;125,133;0;0;10,65;119,735;0;0;5,71;129,189;0;0;0;94,803;0;0;18,269
OGG;Coprimorphus scrutator;59;SUMMER;125,133;0;0;10,65;119,735;0;0;5,71;129,189;0;0;0;94,803;0;0;18,269
OGG;Esymus pusillus;1;SUMMER;125,133;0;0;10,65;119,735;0;0;5,71;129,189;0;0;0;94,803;0;0;18,269
OGG;Euoniticellus fulvus;33;SUMMER;125,133;0;0;10,65;119,735;0;0;5,71;129,189;0;0;0;94,803;0;0;18,269
OGG;Onthophagus illyricus;50;SUMMER;125,133;0;0;10,65;119,735;0;0;5,71;129,189;0;0;0;94,803;0;0;18,269
OGG;Onthophagus ovatus;9;SUMMER;125,133;0;0;10,65;119,735;0;0;5,71;129,189;0;0;0;94,803;0;0;18,269
OGG;Onthophagus ruficapillus;137;SUMMER;125,133;0;0;10,65;119,735;0;0;5,71;129,189;0;0;0;94,803;0;0;18,269
OGG;Onthophagus taurus;12;SUMMER;125,133;0;0;10,65;119,735;0;0;5,71;129,189;0;0;0;94,803;0;0;18,269
OGG;Otophorus haemorrhoidalis;5;SUMMER;125,133;0;0;10,65;119,735;0;0;5,71;129,189;0;0;0;94,803;0;0;18,269
PRZ;Acanthobodilus immundus;1;SUMMER;70,769;1,18;0;31,822;52,543;1,777;0;57,251;57,192;0;0;58,721;0;0;0;59,989
PRZ;Aphodius fimetarius;12;SUMMER;70,769;1,18;0;31,822;52,543;1,777;0;57,251;57,192;0;0;58,721;0;0;0;59,989
PRZ;Bodilopsis rufus;9;SUMMER;70,769;1,18;0;31,822;52,543;1,777;0;57,251;57,192;0;0;58,721;0;0;0;59,989
PRZ;Coprimorphus scrutator;1;SUMMER;70,769;1,18;0;31,822;52,543;1,777;0;57,251;57,192;0;0;58,721;0;0;0;59,989
PRZ;Esymus pusillus;2;SUMMER;70,769;1,18;0;31,822;52,543;1,777;0;57,251;57,192;0;0;58,721;0;0;0;59,989
PRZ;Euoniticellus fulvus;16;SUMMER;70,769;1,18;0;31,822;52,543;1,777;0;57,251;57,192;0;0;58,721;0;0;0;59,989
PRZ;Euorodalus paracoenosus;1;SUMMER;70,769;1,18;0;31,822;52,543;1,777;0;57,251;57,192;0;0;58,721;0;0;0;59,989
PRZ;Labarrus lividus;2;SUMMER;70,769;1,18;0;31,822;52,543;1,777;0;57,251;57,192;0;0;58,721;0;0;0;59,989
PRZ;Onthophagus coenobita;3;SUMMER;70,769;1,18;0;31,822;52,543;1,777;0;57,251;57,192;0;0;58,721;0;0;0;59,989
PRZ;Onthophagus furcatus;6;SUMMER;70,769;1,18;0;31,822;52,543;1,777;0;57,251;57,192;0;0;58,721;0;0;0;59,989
PRZ;Onthophagus illyricus;8;SUMMER;70,769;1,18;0;31,822;52,543;1,777;0;57,251;57,192;0;0;58,721;0;0;0;59,989
PRZ;Onthophagus nuchicornis;2;SUMMER;70,769;1,18;0;31,822;52,543;1,777;0;57,251;57,192;0;0;58,721;0;0;0;59,989
PRZ;Onthophagus ruficapillus;23;SUMMER;70,769;1,18;0;31,822;52,543;1,777;0;57,251;57,192;0;0;58,721;0;0;0;59,989
PRZ;Onthophagus taurus;8;SUMMER;70,769;1,18;0;31,822;52,543;1,777;0;57,251;57,192;0;0;58,721;0;0;0;59,989
PRZ;Pleurophorus pannonicus;1;SUMMER;70,769;1,18;0;31,822;52,543;1,777;0;57,251;57,192;0;0;58,721;0;0;0;59,989
PUR;Bodilus lugens;5;SUMMER;142,751;37,213;94,345;26,767;168,806;15,15;92,584;24,935;182,334;3,001;81,392;24,877;159,901;0;87,408;58,008
PUR;Calamosternus granarius;1;SUMMER;142,751;37,213;94,345;26,767;168,806;15,15;92,584;24,935;182,334;3,001;81,392;24,877;159,901;0;87,408;58,008
PUR;Colobopterus erraticus;10;SUMMER;142,751;37,213;94,345;26,767;168,806;15,15;92,584;24,935;182,334;3,001;81,392;24,877;159,901;0;87,408;58,008
PUR;Coprimorphus scrutator;18;SUMMER;142,751;37,213;94,345;26,767;168,806;15,15;92,584;24,935;182,334;3,001;81,392;24,877;159,901;0;87,408;58,008
PUR;Copris lunaris;2;SUMMER;142,751;37,213;94,345;26,767;168,806;15,15;92,584;24,935;182,334;3,001;81,392;24,877;159,901;0;87,408;58,008
PUR;Esymus pusillus;11;SUMMER;142,751;37,213;94,345;26,767;168,806;15,15;92,584;24,935;182,334;3,001;81,392;24,877;159,901;0;87,408;58,008
PUR;Euoniticellus fulvus;43;SUMMER;142,751;37,213;94,345;26,767;168,806;15,15;92,584;24,935;182,334;3,001;81,392;24,877;159,901;0;87,408;58,008
PUR;Euorodalus paracoenosus;19;SUMMER;142,751;37,213;94,345;26,767;168,806;15,15;92,584;24,935;182,334;3,001;81,392;24,877;159,901;0;87,408;58,008
PUR;Onthophagus coenobita;1;SUMMER;142,751;37,213;94,345;26,767;168,806;15,15;92,584;24,935;182,334;3,001;81,392;24,877;159,901;0;87,408;58,008
PUR;Onthophagus fracticornis;5;SUMMER;142,751;37,213;94,345;26,767;168,806;15,15;92,584;24,935;182,334;3,001;81,392;24,877;159,901;0;87,408;58,008
PUR;Onthophagus illyricus;23;SUMMER;142,751;37,213;94,345;26,767;168,806;15,15;92,584;24,935;182,334;3,001;81,392;24,877;159,901;0;87,408;58,008
PUR;Onthophagus ovatus;7;SUMMER;142,751;37,213;94,345;26,767;168,806;15,15;92,584;24,935;182,334;3,001;81,392;24,877;159,901;0;87,408;58,008
PUR;Onthophagus ruficapillus;25;SUMMER;142,751;37,213;94,345;26,767;168,806;15,15;92,584;24,935;182,334;3,001;81,392;24,877;159,901;0;87,408;58,008
PUR;Onthophagus taurus;106;SUMMER;142,751;37,213;94,345;26,767;168,806;15,15;92,584;24,935;182,334;3,001;81,392;24,877;159,901;0;87,408;58,008
PUR;Onthophagus vacca;2;SUMMER;142,751;37,213;94,345;26,767;168,806;15,15;92,584;24,935;182,334;3,001;81,392;24,877;159,901;0;87,408;58,008
PUR;Onthophagus verticicornis;18;SUMMER;142,751;37,213;94,345;26,767;168,806;15,15;92,584;24,935;182,334;3,001;81,392;24,877;159,901;0;87,408;58,008
PUR;Otophorus haemorrhoidalis;1;SUMMER;142,751;37,213;94,345;26,767;168,806;15,15;92,584;24,935;182,334;3,001;81,392;24,877;159,901;0;87,408;58,008
RAB;Acanthobodilus immundus;1;SUMMER;193,718;26,504;47,991;12,899;196,328;25,069;35,025;0;129,488;14,513;36,216;0;44,858;12,713;47,497;32,622
RAB;Aphodius fimetarius;1;SUMMER;193,718;26,504;47,991;12,899;196,328;25,069;35,025;0;129,488;14,513;36,216;0;44,858;12,713;47,497;32,622
RAB;Coprimorphus scrutator;5;SUMMER;193,718;26,504;47,991;12,899;196,328;25,069;35,025;0;129,488;14,513;36,216;0;44,858;12,713;47,497;32,622
RAB;Copris lunaris;1;SUMMER;193,718;26,504;47,991;12,899;196,328;25,069;35,025;0;129,488;14,513;36,216;0;44,858;12,713;47,497;32,622
RAB;Esymus pusillus;2;SUMMER;193,718;26,504;47,991;12,899;196,328;25,069;35,025;0;129,488;14,513;36,216;0;44,858;12,713;47,497;32,622
RAB;Euoniticellus fulvus;3;SUMMER;193,718;26,504;47,991;12,899;196,328;25,069;35,025;0;129,488;14,513;36,216;0;44,858;12,713;47,497;32,622
RAB;Onthophagus illyricus;1;SUMMER;193,718;26,504;47,991;12,899;196,328;25,069;35,025;0;129,488;14,513;36,216;0;44,858;12,713;47,497;32,622
RAB;Onthophagus ovatus;3;SUMMER;193,718;26,504;47,991;12,899;196,328;25,069;35,025;0;129,488;14,513;36,216;0;44,858;12,713;47,497;32,622
RAB;Onthophagus vacca;1;SUMMER;193,718;26,504;47,991;12,899;196,328;25,069;35,025;0;129,488;14,513;36,216;0;44,858;12,713;47,497;32,622
RAB;Otophorus haemorrhoidalis;1;SUMMER;193,718;26,504;47,991;12,899;196,328;25,069;35,025;0;129,488;14,513;36,216;0;44,858;12,713;47,497;32,622
RAB;Rhodaphodius foetens;1;SUMMER;193,718;26,504;47,991;12,899;196,328;25,069;35,025;0;129,488;14,513;36,216;0;44,858;12,713;47,497;32,622
RAB;Teuchestes fossor;1;SUMMER;193,718;26,504;47,991;12,899;196,328;25,069;35,025;0;129,488;14,513;36,216;0;44,858;12,713;47,497;32,622
SAS;Colobopterus erraticus;3;SUMMER;243,846;26,504;24,069;4,834;240,531;0,633;11,8;0;273,125;0;11,222;14,48;212,136;0;7,051;5,529
SAS;Esymus pusillus;3;SUMMER;243,846;0,441;24,069;4,834;240,531;0,633;11,8;0;273,125;0;11,222;14,48;212,136;0;7,051;5,529
SAS;Onthophagus illyricus;33;SUMMER;243,846;0,441;24,069;4,834;240,531;0,633;11,8;0;273,125;0;11,222;14,48;212,136;0;7,051;5,529
SAS;Onthophagus joannae;8;SUMMER;243,846;0,441;24,069;4,834;240,531;0,633;11,8;0;273,125;0;11,222;14,48;212,136;0;7,051;5,529
SAS;Onthophagus ovatus;8;SUMMER;243,846;0,441;24,069;4,834;240,531;0,633;11,8;0;273,125;0;11,222;14,48;212,136;0;7,051;5,529
SAS;Otophorus haemorrhoidalis;1;SUMMER;243,846;0,441;24,069;4,834;240,531;0,633;11,8;0;273,125;0;11,222;14,48;212,136;0;7,051;5,529
HOF;Bodilus lugens;2;SUMMER;186,412;40,503;24,069;4,834;240,531;0,633;11,8;0;273,125;0;11,222;14,48;212,136;0;7,051;5,529
HOF;Colobopterus erraticus;2;SUMMER;186,412;40,503;53,057;21,408;202,221;27,383;55,034;0;239,007;24,714;30,28;0;139,43;30,624;27,448;52,913
HOF;Copris lunaris;2;SUMMER;186,412;40,503;53,057;21,408;202,221;27,383;55,034;0;239,007;24,714;30,28;0;139,43;30,624;27,448;52,913
HOF;Euoniticellus fulvus;21;SUMMER;186,412;40,503;53,057;21,408;202,221;27,383;55,034;0;239,007;24,714;30,28;0;139,43;30,624;27,448;52,913
HOF;Euorodalus paracoenosus;2;SUMMER;186,412;40,503;53,057;21,408;202,221;27,383;55,034;0;239,007;24,714;30,28;0;139,43;30,624;27,448;52,913
HOF;Onthophagus coenobita;7;SUMMER;186,412;40,503;53,057;21,408;202,221;27,383;55,034;0;239,007;24,714;30,28;0;139,43;30,624;27,448;52,913
HOF;Onthophagus fracticornis;7;SUMMER;186,412;40,503;53,057;21,408;202,221;27,383;55,034;0;239,007;24,714;30,28;0;139,43;30,624;27,448;52,913
HOF;Onthophagus illyricus;17;SUMMER;186,412;40,503;53,057;21,408;202,221;27,383;55,034;0;239,007;24,714;30,28;0;139,43;30,624;27,448;52,913
HOF;Onthophagus ovatus;5;SUMMER;186,412;40,503;53,057;21,408;202,221;27,383;55,034;0;239,007;24,714;30,28;0;139,43;30,624;27,448;52,913
HOF;Onthophagus ruficapillus;3;SUMMER;186,412;40,503;53,057;21,408;202,221;27,383;55,034;0;239,007;24,714;30,28;0;139,43;30,624;27,448;52,913
HOF;Onthophagus taurus;7;SUMMER;186,412;40,503;53,057;21,408;202,221;27,383;55,034;0;239,007;24,714;30,28;0;139,43;30,624;27,448;52,913
HOF;Onthophagus vacca;4;SUMMER;186,412;40,503;53,057;21,408;202,221;27,383;55,034;0;239,007;24,714;30,28;0;139,43;30,624;27,448;52,913
HOF;Onthophagus verticicornis;2;SUMMER;186,412;40,503;53,057;21,408;202,221;27,383;55,034;0;239,007;24,714;30,28;0;139,43;30,624;27,448;52,913
HOF;Otophorus haemorrhoidalis;1;SUMMER;186,412;40,503;53,057;21,408;202,221;27,383;55,034;0;239,007;24,714;30,28;0;139,43;30,624;27,448;52,913
SEE;Acanthobodilus immundus;6;SUMMER;53,195;0;3,863;26,651;43,614;0;3,622;57,11;41,276;0;4,056;59,392;2,093;0;0;39,084
SEE;Aphodius fimetarius;22;SUMMER;53,195;0;3,863;26,651;43,614;0;3,622;57,11;41,276;0;4,056;59,392;2,093;0;0;39,084
SEE;Bodilopsis rufus;3;SUMMER;53,195;0;3,863;26,651;43,614;0;3,622;57,11;41,276;0;4,056;59,392;2,093;0;0;39,084
SEE;Calamosternus granarius;1;SUMMER;53,195;0;3,863;26,651;43,614;0;3,622;57,11;41,276;0;4,056;59,392;2,093;0;0;39,084
SEE;Coprimorphus scrutator;50;SUMMER;53,195;0;3,863;26,651;43,614;0;3,622;57,11;41,276;0;4,056;59,392;2,093;0;0;39,084
SEE;Esymus pusillus;2;SUMMER;53,195;0;3,863;26,651;43,614;0;3,622;57,11;41,276;0;4,056;59,392;2,093;0;0;39,084
SEE;Euoniticellus fulvus;64;SUMMER;53,195;0;3,863;26,651;43,614;0;3,622;57,11;41,276;0;4,056;59,392;2,093;0;0;39,084
SEE;Onthophagus ruficapillus;1;SUMMER;53,195;0;3,863;26,651;43,614;0;3,622;57,11;41,276;0;4,056;59,392;2,093;0;0;39,084
SEE;Onthophagus taurus;1;SUMMER;53,195;0;3,863;26,651;43,614;0;3,622;57,11;41,276;0;4,056;59,392;2,093;0;0;39,084
SEE;Otophorus haemorrhoidalis;38;SUMMER;53,195;0;3,863;26,651;43,614;0;3,622;57,11;41,276;0;4,056;59,392;2,093;0;0;39,084
SEE;Subrinus sturmi;369;SUMMER;53,195;0;3,863;26,651;43,614;0;3,622;57,11;41,276;0;4,056;59,392;2,093;0;0;39,084
SEE;Teuchestes fossor;1;SUMMER;53,195;0;3,863;26,651;43,614;0;3,622;57,11;41,276;0;4,056;59,392;2,093;0;0;39,084
SHW;Aphodius fimetarius;11;SUMMER;60,047;34,407;171,167;37,227;7,4;24,508;162,405;43,656;65,752;18,169;97,819;60,808;58,435;11,721;95,052;25,991
SHW;Bodilopsis rufus;1;SUMMER;60,047;34,407;171,167;37,227;7,4;24,508;162,405;43,656;65,752;18,169;97,819;60,808;58,435;11,721;95,052;25,991
SHW;Colobopterus erraticus;3;SUMMER;60,047;34,407;171,167;37,227;7,4;24,508;162,405;43,656;65,752;18,169;97,819;60,808;58,435;11,721;95,052;25,991
SHW;Copris lunaris;2;SUMMER;60,047;34,407;171,167;37,227;7,4;24,508;162,405;43,656;65,752;18,169;97,819;60,808;58,435;11,721;95,052;25,991
SHW;Esymus pusillus;19;SUMMER;60,047;34,407;171,167;37,227;7,4;24,508;162,405;43,656;65,752;18,169;97,819;60,808;58,435;11,721;95,052;25,991
SHW;Euoniticellus fulvus;1;SUMMER;60,047;34,407;171,167;37,227;7,4;24,508;162,405;43,656;65,752;18,169;97,819;60,808;58,435;11,721;95,052;25,991
SHW;Onthophagus illyricus;5;SUMMER;60,047;34,407;171,167;37,227;7,4;24,508;162,405;43,656;65,752;18,169;97,819;60,808;58,435;11,721;95,052;25,991
SHW;Onthophagus ruficapillus;1;SUMMER;60,047;34,407;171,167;37,227;7,4;24,508;162,405;43,656;65,752;18,169;97,819;60,808;58,435;11,721;95,052;25,991
SHW;Onthophagus taurus;23;SUMMER;60,047;34,407;171,167;37,227;7,4;24,508;162,405;43,656;65,752;18,169;97,819;60,808;58,435;11,721;95,052;25,991
SHW;Otophorus haemorrhoidalis;35;SUMMER;60,047;34,407;171,167;37,227;7,4;24,508;162,405;43,656;65,752;18,169;97,819;60,808;58,435;11,721;95,052;25,991
SHW;Pleurophorus caesus;1;SUMMER;60,047;34,407;171,167;37,227;7,4;24,508;162,405;43,656;65,752;18,169;97,819;60,808;58,435;11,721;95,052;25,991
SHW;Rhodaphodius foetens;2;SUMMER;60,047;34,407;171,167;37,227;7,4;24,508;162,405;43,656;65,752;18,169;97,819;60,808;58,435;11,721;95,052;25,991
SHW;Teuchestes fossor;3;SUMMER;60,047;34,407;171,167;37,227;7,4;24,508;162,405;43,656;65,752;18,169;97,819;60,808;58,435;11,721;95,052;25,991
SHW;Trypocopris vernalis;4;SUMMER;60,047;34,407;171,167;37,227;7,4;24,508;162,405;43,656;65,752;18,169;97,819;60,808;58,435;11,721;95,052;25,991
SHW;Volinus sticticus;1;SUMMER;60,047;34,407;171,167;37,227;7,4;24,508;162,405;43,656;65,752;18,169;97,819;60,808;58,435;11,721;95,052;25,991
SGR;Acanthobodilus immundus;2;SUMMER;135,11;0;0;106,77;132,403;0;0;104,469;167,17;0;0;141,839;0;0;0;212,155
SGR;Aphodius fimetarius;6;SUMMER;135,11;0;0;106,77;132,403;0;0;104,469;167,17;0;0;141,839;0;0;0;212,155
SGR;Bodilopsis rufus;7;SUMMER;135,11;0;0;106,77;132,403;0;0;104,469;167,17;0;0;141,839;0;0;0;212,155
SGR;Calamosternus granarius;2;SUMMER;135,11;0;0;106,77;132,403;0;0;104,469;167,17;0;0;141,839;0;0;0;212,155
SGR;Coprimorphus scrutator;5;SUMMER;135,11;0;0;106,77;132,403;0;0;104,469;167,17;0;0;141,839;0;0;0;212,155
SGR;Euoniticellus fulvus;11;SUMMER;135,11;0;0;106,77;132,403;0;0;104,469;167,17;0;0;141,839;0;0;0;212,155
SGR;Onthophagus ovatus;1;SUMMER;135,11;0;0;106,77;132,403;0;0;104,469;167,17;0;0;141,839;0;0;0;212,155
SGR;Onthophagus ruficapillus;25;SUMMER;135,11;0;0;106,77;132,403;0;0;104,469;167,17;0;0;141,839;0;0;0;212,155
SGR;Onthophagus taurus;11;SUMMER;135,11;0;0;106,77;132,403;0;0;104,469;167,17;0;0;141,839;0;0;0;212,155
SGR;Otophorus haemorrhoidalis;2;SUMMER;135,11;0;0;106,77;132,403;0;0;104,469;167,17;0;0;141,839;0;0;0;212,155
SGR;Pleurophorus pannonicus;1;SUMMER;135,11;0;0;106,77;132,403;0;0;104,469;167,17;0;0;141,839;0;0;0;212,155
SGR;Subrinus sturmi;41;SUMMER;135,11;0;0;106,77;132,403;0;0;104,469;167,17;0;0;141,839;0;0;0;212,155
SGR;Teuchestes fossor;5;SUMMER;135,11;0;0;106,77;132,403;0;0;104,469;167,17;0;0;141,839;0;0;0;212,155
SUL;Acanthobodilus immundus;61;SUMMER;183,583;3,204;0;119,87;305,404;3,61;0;0;303,039;3,38;0;2,595;132,926;0;0;0
SUL;Aphodius fimetarius;3;SUMMER;183,583;3,204;0;119,87;305,404;3,61;0;0;303,039;3,38;0;2,595;132,926;0;0;0
SUL;Bodilopsis rufus;7;SUMMER;183,583;3,204;0;119,87;305,404;3,61;0;0;303,039;3,38;0;2,595;132,926;0;0;0
SUL;Bodilus lugens;12;SUMMER;183,583;3,204;0;119,87;305,404;3,61;0;0;303,039;3,38;0;2,595;132,926;0;0;0
SUL;Colobopterus erraticus;12;SUMMER;183,583;3,204;0;119,87;305,404;3,61;0;0;303,039;3,38;0;2,595;132,926;0;0;0
SUL;Coprimorphus scrutator;6;SUMMER;183,583;3,204;0;119,87;305,404;3,61;0;0;303,039;3,38;0;2,595;132,926;0;0;0
SUL;Esymus pusillus;1;SUMMER;183,583;3,204;0;119,87;305,404;3,61;0;0;303,039;3,38;0;2,595;132,926;0;0;0
SUL;Euoniticellus fulvus;136;SUMMER;183,583;3,204;0;119,87;305,404;3,61;0;0;303,039;3,38;0;2,595;132,926;0;0;0
SUL;Euorodalus paracoenosus;1;SUMMER;183,583;3,204;0;119,87;305,404;3,61;0;0;303,039;3,38;0;2,595;132,926;0;0;0
SUL;Onthophagus illyricus;45;SUMMER;183,583;3,204;0;119,87;305,404;3,61;0;0;303,039;3,38;0;2,595;132,926;0;0;0
SUL;Onthophagus lemur;1;SUMMER;183,583;3,204;0;119,87;305,404;3,61;0;0;303,039;3,38;0;2,595;132,926;0;0;0
SUL;Onthophagus medius;1;SUMMER;183,583;3,204;0;119,87;305,404;3,61;0;0;303,039;3,38;0;2,595;132,926;0;0;0
SUL;Onthophagus nuchicornis;2;SUMMER;183,583;3,204;0;119,87;305,404;3,61;0;0;303,039;3,38;0;2,595;132,926;0;0;0
SUL;Onthophagus ovatus;4;SUMMER;183,583;3,204;0;119,87;305,404;3,61;0;0;303,039;3,38;0;2,595;132,926;0;0;0
SUL;Onthophagus ruficapillus;22;SUMMER;183,583;3,204;0;119,87;305,404;3,61;0;0;303,039;3,38;0;2,595;132,926;0;0;0
SUL;Onthophagus taurus;26;SUMMER;183,583;3,204;0;119,87;305,404;3,61;0;0;303,039;3,38;0;2,595;132,926;0;0;0
SUL;Onthophagus vacca;2;SUMMER;183,583;3,204;0;119,87;305,404;3,61;0;0;303,039;3,38;0;2,595;132,926;0;0;0
SUL;Otophorus haemorrhoidalis;57;SUMMER;183,583;3,204;0;119,87;305,404;3,61;0;0;303,039;3,38;0;2,595;132,926;0;0;0
SUL;Oxyomus sylvestris;1;SUMMER;183,583;3,204;0;119,87;305,404;3,61;0;0;303,039;3,38;0;2,595;132,926;0;0;0
SUL;Subrinus sturmi;3;SUMMER;183,583;3,204;0;119,87;305,404;3,61;0;0;303,039;3,38;0;2,595;132,926;0;0;0
SUL;Teuchestes fossor;15;SUMMER;183,583;3,204;0;119,87;305,404;3,61;0;0;303,039;3,38;0;2,595;132,926;0;0;0
SUL;Volinus sticticus;2;SUMMER;183,583;3,204;0;119,87;305,404;3,61;0;0;303,039;3,38;0;2,595;132,926;0;0;0
UNT;Biralus satellitius;3;SPRING;160,971;0,325;0;3,718;283,6;0,323;0;0;305,928;0;0,216;0;304,326;0;0;1,461
UNT;Chilothorax distinctus;22;SPRING;160,971;0,325;0;3,718;283,6;0,323;0;0;305,928;0;0,216;0;304,326;0;0;1,461
UNT;Colobopterus erraticus;9;SPRING;160,971;0,325;0;3,718;283,6;0,323;0;0;305,928;0;0,216;0;304,326;0;0;1,461
UNT;Euoniticellus fulvus;1;SPRING;160,971;0,325;0;3,718;283,6;0,323;0;0;305,928;0;0,216;0;304,326;0;0;1,461
UNT;Euorodalus paracoenosus;15;SPRING;160,971;0,325;0;3,718;283,6;0,323;0;0;305,928;0;0,216;0;304,326;0;0;1,461
UNT;Eupleurus subterraneus;1;SPRING;160,971;0,325;0;3,718;283,6;0,323;0;0;305,928;0;0,216;0;304,326;0;0;1,461
UNT;Melinopterus prodromus;3;SPRING;160,971;0,325;0;3,718;283,6;0,323;0;0;305,928;0;0,216;0;304,326;0;0;1,461
UNT;Onthophagus fracticornis;2;SPRING;160,971;0,325;0;3,718;283,6;0,323;0;0;305,928;0;0,216;0;304,326;0;0;1,461
UNT;Onthophagus illyricus;5;SPRING;160,971;0,325;0;3,718;283,6;0,323;0;0;305,928;0;0,216;0;304,326;0;0;1,461
UNT;Onthophagus nuchicornis;1;SPRING;160,971;0,325;0;3,718;283,6;0,323;0;0;305,928;0;0,216;0;304,326;0;0;1,461
UNT;Onthophagus ovatus;1;SPRING;160,971;0,325;0;3,718;283,6;0,323;0;0;305,928;0;0,216;0;304,326;0;0;1,461
UNT;Onthophagus ruficapillus;4;SPRING;160,971;0,325;0;3,718;283,6;0,323;0;0;305,928;0;0,216;0;304,326;0;0;1,461
UNT;Onthophagus vacca;5;SPRING;160,971;0,325;0;3,718;283,6;0,323;0;0;305,928;0;0,216;0;304,326;0;0;1,461
UNT;Otophorus haemorrhoidalis;3;SPRING;160,971;0,325;0;3,718;283,6;0,323;0;0;305,928;0;0,216;0;304,326;0;0;1,461
UNT;Trichonotulus scrofa;1;SPRING;160,971;0,325;0;3,718;283,6;0,323;0;0;305,928;0;0,216;0;304,326;0;0;1,461
WER;Colobopterus erraticus;4;SUMMER;246,062;0;268,81;19,062;16,126;0;267,88;25,004;34,835;0;117,612;110,074;29,544;0;86,685;192,781
WER;Esymus pusillus;31;SUMMER;246,062;0;268,81;19,062;16,126;0;267,88;25,004;34,835;0;117,612;110,074;29,544;0;86,685;192,781
WER;Euoniticellus fulvus;19;SUMMER;246,062;0;268,81;19,062;16,126;0;267,88;25,004;34,835;0;117,612;110,074;29,544;0;86,685;192,781
WER;Euorodalus paracoenosus;46;SUMMER;246,062;0;268,81;19,062;16,126;0;267,88;25,004;34,835;0;117,612;110,074;29,544;0;86,685;192,781
WER;Onthophagus fracticornis;1;SUMMER;246,062;0;268,81;19,062;16,126;0;267,88;25,004;34,835;0;117,612;110,074;29,544;0;86,685;192,781
WER;Onthophagus illyricus;209;SUMMER;246,062;0;268,81;19,062;16,126;0;267,88;25,004;34,835;0;117,612;110,074;29,544;0;86,685;192,781
WER;Onthophagus joannae;54;SUMMER;246,062;0;268,81;19,062;16,126;0;267,88;25,004;34,835;0;117,612;110,074;29,544;0;86,685;192,781
WER;Onthophagus ovatus;88;SUMMER;246,062;0;268,81;19,062;16,126;0;267,88;25,004;34,835;0;117,612;110,074;29,544;0;86,685;192,781
WER;Onthophagus vacca;1;SUMMER;246,062;0;268,81;19,062;16,126;0;267,88;25,004;34,835;0;117,612;110,074;29,544;0;86,685;192,781
WER;Otophorus haemorrhoidalis;14;SUMMER;246,062;0;268,81;19,062;16,126;0;267,88;25,004;34,835;0;117,612;110,074;29,544;0;86,685;192,781
WER;Plagiogonus arenarius;1;SUMMER;246,062;0;268,81;19,062;16,126;0;267,88;25,004;34,835;0;117,612;110,074;29,544;0;86,685;192,781
WER;Trypocopris vernalis;4;SUMMER;246,062;0;268,81;19,062;16,126;0;267,88;25,004;34,835;0;117,612;110,074;29,544;0;86,685;192,781
ZUR;Acanthobodilus immundus;4;SUMMER;246,062;15,14;5,97;19,667;250,307;8,502;6,182;24,669;163,092;2,935;0;42,269;245,644;0;17,869;28,789
ZUR;Aphodius fimetarius;3;SUMMER;246,062;15,14;5,97;19,667;250,307;8,502;6,182;24,669;163,092;2,935;0;42,269;245,644;0;17,869;28,789
ZUR;Bodilopsis rufus;22;SUMMER;246,062;15,14;5,97;19,667;250,307;8,502;6,182;24,669;163,092;2,935;0;42,269;245,644;0;17,869;28,789
ZUR;Bodilus lugens;86;SUMMER;246,062;15,14;5,97;19,667;250,307;8,502;6,182;24,669;163,092;2,935;0;42,269;245,644;0;17,869;28,789
ZUR;Colobopterus erraticus;11;SUMMER;246,062;15,14;5,97;19,667;250,307;8,502;6,182;24,669;163,092;2,935;0;42,269;245,644;0;17,869;28,789
ZUR;Copris lunaris;9;SUMMER;246,062;15,14;5,97;19,667;250,307;8,502;6,182;24,669;163,092;2,935;0;42,269;245,644;0;17,869;28,789
ZUR;Esymus pusillus;7;SUMMER;246,062;15,14;5,97;19,667;250,307;8,502;6,182;24,669;163,092;2,935;0;42,269;245,644;0;17,869;28,789
ZUR;Euoniticellus fulvus;13;SUMMER;246,062;15,14;5,97;19,667;250,307;8,502;6,182;24,669;163,092;2,935;0;42,269;245,644;0;17,869;28,789
ZUR;Euorodalus paracoenosus;1;SUMMER;246,062;15,14;5,97;19,667;250,307;8,502;6,182;24,669;163,092;2,935;0;42,269;245,644;0;17,869;28,789
ZUR;Eupleurus subterraneus;1;SUMMER;246,062;15,14;5,97;19,667;250,307;8,502;6,182;24,669;163,092;2,935;0;42,269;245,644;0;17,869;28,789
ZUR;Labarrus lividus;9;SUMMER;246,062;15,14;5,97;19,667;250,307;8,502;6,182;24,669;163,092;2,935;0;42,269;245,644;0;17,869;28,789
ZUR;Limarus maculatus;2;SUMMER;246,062;15,14;5,97;19,667;250,307;8,502;6,182;24,669;163,092;2,935;0;42,269;245,644;0;17,869;28,789
ZUR;Onthophagus coenobita;2;SUMMER;246,062;15,14;5,97;19,667;250,307;8,502;6,182;24,669;163,092;2,935;0;42,269;245,644;0;17,869;28,789
ZUR;Onthophagus furcatus;55;SUMMER;246,062;15,14;5,97;19,667;250,307;8,502;6,182;24,669;163,092;2,935;0;42,269;245,644;0;17,869;28,789
ZUR;Onthophagus illyricus;41;SUMMER;246,062;15,14;5,97;19,667;250,307;8,502;6,182;24,669;163,092;2,935;0;42,269;245,644;0;17,869;28,789
ZUR;Onthophagus joannae;9;SUMMER;246,062;15,14;5,97;19,667;250,307;8,502;6,182;24,669;163,092;2,935;0;42,269;245,644;0;17,869;28,789
ZUR;Onthophagus ovatus;127;SUMMER;246,062;15,14;5,97;19,667;250,307;8,502;6,182;24,669;163,092;2,935;0;42,269;245,644;0;17,869;28,789
ZUR;Onthophagus ruficapillus;1002;SUMMER;246,062;15,14;5,97;19,667;250,307;8,502;6,182;24,669;163,092;2,935;0;42,269;245,644;0;17,869;28,789
ZUR;Onthophagus taurus;68;SUMMER;246,062;15,14;5,97;19,667;250,307;8,502;6,182;24,669;163,092;2,935;0;42,269;245,644;0;17,869;28,789
ZUR;Onthophagus verticicornis;3;SUMMER;246,062;15,14;5,97;19,667;250,307;8,502;6,182;24,669;163,092;2,935;0;42,269;245,644;0;17,869;28,789
ZUR;Oxyomus sylvestris;5;SUMMER;246,062;15,14;5,97;19,667;250,307;8,502;6,182;24,669;163,092;2,935;0;42,269;245,644;0;17,869;28,789
ZUR;Subrinus sturmi;1;SUMMER;246,062;15,14;5,97;19,667;250,307;8,502;6,182;24,669;163,092;2,935;0;42,269;245,644;0;17,869;28,789
ZUR;Trichonotulus scrofa;10;SUMMER;246,062;15,14;5,97;19,667;250,307;8,502;6,182;24,669;163,092;2,935;0;42,269;245,644;0;17,869;28,789
